-- phpMyAdmin SQL Dump
-- version 5.0.2
-- https://www.phpmyadmin.net/
--
-- Host: 127.0.0.1
-- Waktu pembuatan: 28 Des 2020 pada 09.20
-- Versi server: 10.4.13-MariaDB
-- Versi PHP: 7.4.8

SET SQL_MODE = "NO_AUTO_VALUE_ON_ZERO";
START TRANSACTION;
SET time_zone = "+00:00";


/*!40101 SET @OLD_CHARACTER_SET_CLIENT=@@CHARACTER_SET_CLIENT */;
/*!40101 SET @OLD_CHARACTER_SET_RESULTS=@@CHARACTER_SET_RESULTS */;
/*!40101 SET @OLD_COLLATION_CONNECTION=@@COLLATION_CONNECTION */;
/*!40101 SET NAMES utf8mb4 */;

--
-- Database: `gudangramen1`
--

-- --------------------------------------------------------

--
-- Struktur dari tabel `failed_jobs`
--

CREATE TABLE `failed_jobs` (
  `id` bigint(20) UNSIGNED NOT NULL,
  `uuid` varchar(255) COLLATE utf8mb4_unicode_ci NOT NULL,
  `connection` text COLLATE utf8mb4_unicode_ci NOT NULL,
  `queue` text COLLATE utf8mb4_unicode_ci NOT NULL,
  `payload` longtext COLLATE utf8mb4_unicode_ci NOT NULL,
  `exception` longtext COLLATE utf8mb4_unicode_ci NOT NULL,
  `failed_at` timestamp NOT NULL DEFAULT current_timestamp()
) ENGINE=InnoDB DEFAULT CHARSET=utf8mb4 COLLATE=utf8mb4_unicode_ci;

-- --------------------------------------------------------

--
-- Struktur dari tabel `fakturs`
--

CREATE TABLE `fakturs` (
  `id` int(11) NOT NULL,
  `slug` varchar(255) NOT NULL,
  `namaPengirim` varchar(255) NOT NULL,
  `invoice` varchar(255) NOT NULL,
  `outlet_id` varchar(255) NOT NULL,
  `diskon` int(11) DEFAULT NULL,
  `retur` int(11) DEFAULT NULL,
  `tanggal` date DEFAULT NULL,
  `grandTotal` int(11) DEFAULT NULL,
  `created_at` timestamp NOT NULL DEFAULT current_timestamp(),
  `updated_at` timestamp NOT NULL DEFAULT current_timestamp()
) ENGINE=InnoDB DEFAULT CHARSET=utf8mb4;

--
-- Dumping data untuk tabel `fakturs`
--

INSERT INTO `fakturs` (`id`, `slug`, `namaPengirim`, `invoice`, `outlet_id`, `diskon`, `retur`, `tanggal`, `grandTotal`, `created_at`, `updated_at`) VALUES
(1, 'diaz-4vmHD8J7Bg', 'Diaz', '001/ADS/XI/2020', '9', NULL, NULL, '2020-11-30', 295000, '2020-11-30 07:27:25', '2020-11-30 07:27:25'),
(2, 'diaz-EXp1MEbrdL', 'Diaz', '002/ADS/XI/2020', '5', NULL, NULL, '2020-11-30', 590000, '2020-11-30 08:20:50', '2020-11-30 08:20:50'),
(3, 'diaz-Jr6HebmcaB', 'Diaz', '003/ADS/XI/2020', '10', NULL, NULL, '2020-11-30', 590000, '2020-11-30 08:26:55', '2020-11-30 08:26:55'),
(4, 'diaz-kovne4Pd0O', 'Diaz', '004/ADS/XI/2020', '8', NULL, NULL, '2020-11-30', 590000, '2020-11-30 08:30:55', '2020-11-30 08:30:55'),
(5, 'diaz-30MlQdY2DG', 'Diaz', '005/ADS/XI/2020', '8', NULL, NULL, '2020-11-30', 590000, '2020-11-30 08:39:07', '2020-11-30 08:39:07'),
(6, 'diaz-Wgj1YYcgbC', 'Diaz', '006/ADS/XI/2020', '7', NULL, NULL, '2020-11-30', 50000, '2020-11-30 08:43:19', '2020-11-30 08:43:19'),
(7, 'diaz-gdVaXTTsWq', 'Diaz', '007/ADS/XI/2020', '10', NULL, NULL, '2020-11-30', 50000, '2020-11-30 08:44:57', '2020-11-30 08:44:57'),
(8, 'diaz-vl9Na34Fap', 'Diaz', '008/ADS/XI/2020', '10', NULL, NULL, '2020-11-30', 50000, '2020-11-30 08:50:33', '2020-11-30 08:50:33'),
(9, 'diaz-B6np8No287', 'Diaz', '009/ADS/XI/2020', '6', NULL, NULL, '2020-11-30', 590000, '2020-11-30 08:50:58', '2020-11-30 08:50:58'),
(10, 'diaz-0yaeSp7mIp', 'Diaz', '010/ADS/XI/2020', '10', NULL, NULL, '2020-11-30', 590000, '2020-11-30 08:51:57', '2020-11-30 08:51:57'),
(11, 'diaz-D6bPYIuVzI', 'Diaz', '011/ADS/XI/2020', '10', NULL, NULL, '2020-11-30', 320000, '2020-11-30 08:53:29', '2020-11-30 08:53:29'),
(12, 'diaz-yNyhfxK2BS', 'Diaz', '012/ADS/XI/2020', '10', NULL, NULL, '2020-11-30', 662000, '2020-11-30 09:02:51', '2020-11-30 09:02:51'),
(13, 'diaz-TP9EfJ32ZH', 'Diaz', '013/ADS/XI/2020', '5', NULL, NULL, '2020-11-30', 637000, '2020-11-30 10:27:52', '2020-11-30 10:27:52'),
(14, 'diaz-H9taPvYmEJ', 'Diaz', '014/ADS/XI/2020', '6', NULL, NULL, '2020-11-30', 47000, '2020-11-30 10:40:38', '2020-11-30 10:40:38'),
(15, 'diaz-0sUWCJRMu6', 'Diaz', '015/ADS/XI/2020', '8', NULL, NULL, '2020-11-30', 47000, '2020-11-30 10:41:21', '2020-11-30 10:41:21'),
(16, 'diaz-j9RtkK4Cnw', 'Diaz', '016/ADS/XI/2020', '7', NULL, NULL, '2020-11-30', 47000, '2020-11-30 10:43:34', '2020-11-30 10:43:34'),
(17, 'diaz-hQQ4T42XT1', 'Diaz', '017/ADS/XI/2020', '5', NULL, NULL, '2020-11-30', 47000, '2020-11-30 10:44:38', '2020-11-30 10:44:38'),
(18, 'diaz-vNFsOWKUuv', 'Diaz', '018/ADS/XI/2020', '8', NULL, NULL, '2020-11-30', 47000, '2020-11-30 10:45:27', '2020-11-30 10:45:27'),
(19, 'diaz-1LRJtaoV7h', 'Diaz', '019/ADS/XI/2020', '9', NULL, NULL, '2020-11-30', 47000, '2020-11-30 10:48:05', '2020-11-30 10:48:05'),
(20, 'diaz-4QtGVbYUN5', 'Diaz', '020/ADS/XI/2020', '5', NULL, NULL, '2020-11-30', 47000, '2020-11-30 10:48:42', '2020-11-30 10:48:42'),
(21, 'diaz-5CA8Ghqm2g', 'Diaz', '021/ADS/XI/2020', '3', NULL, NULL, '2020-11-30', 47000, '2020-11-30 10:55:27', '2020-11-30 10:55:27'),
(22, 'diaz-mfD6cn4nGt', 'Diaz', '022/ADS/XI/2020', '4', NULL, NULL, '2020-11-30', 47000, '2020-11-30 11:00:12', '2020-11-30 11:00:12'),
(23, 'diaz-lOYamXk6hd', 'Diaz', '023/ADS/XI/2020', '4', NULL, NULL, '2020-11-30', 540000, '2020-11-30 11:17:29', '2020-11-30 11:17:29'),
(24, 'diaz-wEcgXLzR41', 'Diaz', '024/ADS/XI/2020', '11', NULL, NULL, '2020-11-30', 50000, '2020-11-30 11:39:50', '2020-11-30 11:39:50'),
(25, 'diaz-69fhkArZts', 'Diaz', '025/ADS/XI/2020', '8', NULL, NULL, '2020-11-30', 50000, '2020-11-30 11:40:39', '2020-11-30 11:40:39'),
(26, 'diaz-z0fvWnHRvU', 'Diaz', '026/ADS/XI/2020', '13', NULL, NULL, '2020-11-30', 47000, '2020-11-30 11:44:30', '2020-11-30 11:44:30'),
(27, 'diaz-LwPzd3anCU', 'Diaz', '027/ADS/XI/2020', '5', NULL, NULL, '2020-11-30', 47000, '2020-11-30 11:45:15', '2020-11-30 11:45:15'),
(28, 'diaz-mEDYAZcoYu', 'Diaz', '028/ADS/XI/2020', '13', NULL, NULL, '2020-11-30', 47000, '2020-11-30 11:45:42', '2020-11-30 11:45:42'),
(29, 'diaz-7JEOzeLKaR', 'Diaz', '029/ADS/XI/2020', '8', NULL, NULL, '2020-11-30', 47000, '2020-11-30 11:46:31', '2020-11-30 11:46:31'),
(30, 'diaz-ztLNlxlj3d', 'Diaz', '030/ADS/XI/2020', '11', NULL, NULL, '2020-11-30', 50000, '2020-11-30 11:48:42', '2020-11-30 11:48:42'),
(31, 'diaz-kTLAO9rSwQ', 'Diaz', '031/ADS/XI/2020', '9', NULL, NULL, '2020-11-30', 47000, '2020-11-30 11:49:54', '2020-11-30 11:49:54'),
(32, 'diaz-LHxLxdFQUb', 'Diaz', '032/ADS/XI/2020', '9', NULL, NULL, '2020-11-30', 47000, '2020-11-30 11:52:26', '2020-11-30 11:52:26'),
(33, 'diaz-WYaIobwUmF', 'Diaz', '033/ADS/XI/2020', '3', NULL, NULL, '2020-11-30', 50000, '2020-11-30 11:53:26', '2020-11-30 11:53:26'),
(34, 'diaz-eMGP7F0zY0', 'Diaz', '034/ADS/XI/2020', '4', NULL, NULL, '2020-11-30', 47000, '2020-11-30 11:55:05', '2020-11-30 11:55:05'),
(35, 'diaz-DtDf3TY70p', 'Diaz', '035/ADS/XI/2020', '7', NULL, NULL, '2020-11-30', 47000, '2020-11-30 12:07:33', '2020-11-30 12:07:33'),
(36, 'diaz-jIcwR0TWBk', 'Diaz', '036/ADS/XI/2020', '5', NULL, NULL, '2020-11-30', 50000, '2020-11-30 12:11:26', '2020-11-30 12:11:26'),
(37, 'diaz-sCcxUAqE39', 'Diaz', '037/ADS/XI/2020', '4', NULL, NULL, '2020-11-30', 50000, '2020-11-30 12:12:57', '2020-11-30 12:12:57'),
(38, 'diaz-FoLeBA5Y7v', 'Diaz', '038/ADS/XI/2020', '6', NULL, NULL, '2020-11-30', 47000, '2020-11-30 12:18:04', '2020-11-30 12:18:04'),
(39, 'diaz-XavO3oHRXi', 'Diaz', '039/ADS/XI/2020', '7', NULL, NULL, '2020-11-30', 47000, '2020-11-30 12:19:09', '2020-11-30 12:19:09'),
(40, 'diaz-dFyaSYLRdq', 'Diaz', '040/ADS/XI/2020', '3', NULL, NULL, '2020-11-30', 47000, '2020-11-30 12:20:55', '2020-11-30 12:20:55'),
(41, 'diaz-TdFqvGJilz', 'Diaz', '041/ADS/XI/2020', '7', 3000, NULL, '2020-11-30', 544000, '2020-11-30 13:06:57', '2020-11-30 13:06:57'),
(42, 'diaz-m98v3TDw9M', 'Diaz', '042/ADS/XI/2020', '6', 3000, NULL, '2020-11-30', 666000, '2020-11-30 13:14:19', '2020-11-30 13:14:19'),
(43, 'diaz-9ukpnP1OzG', 'Diaz', '043/ADS/XI/2020', '5', NULL, NULL, '2020-11-30', 47000, '2020-11-30 13:19:15', '2020-11-30 13:19:15'),
(44, 'diaz-QNV1SdBUNn', 'Diaz', '044/ADS/XI/2020', '5', NULL, NULL, '2020-11-30', 47000, '2020-11-30 13:21:46', '2020-11-30 13:21:46'),
(45, 'diaz-1SciwC9ALM', 'Diaz', '045/ADS/XII/2020', '8', 10000, NULL, '2020-12-08', 37000, '2020-12-08 05:01:54', '2020-12-08 05:01:54'),
(46, 'diaz-QM5q4GRkNL', 'Diaz', '046/ADS/XII/2020', '7', 1000, NULL, '2020-12-08', 562500, '2020-12-08 14:18:09', '2020-12-08 14:18:09'),
(47, 'diaz-tmvdTsMT8v', 'Diaz', '047/ADS/XII/2020', '15', 1000, NULL, '2020-12-09', 1487000, '2020-12-09 05:20:50', '2020-12-09 05:20:50'),
(48, 'diaz-MeqsHHu0Bj', 'Diaz', '048/ADS/XII/2020', '8', NULL, NULL, '2020-12-12', 620000, '2020-12-12 15:50:31', '2020-12-12 15:50:31'),
(49, 'diaz-7D1oXLm8zf', 'Diaz', '049/ADS/XII/2020', '9', NULL, NULL, '2020-12-17', 285000, '2020-12-17 14:03:39', '2020-12-17 14:03:39'),
(50, 'diaz-Y2T5gO18Rv', 'Diaz', '050/ADS/XII/2020', '9', NULL, NULL, '2020-12-17', 240000, '2020-12-17 14:05:31', '2020-12-17 14:05:31'),
(51, 'diaz-VTrhEfSyRp', 'Diaz', '051/ADS/XII/2020', '7', NULL, NULL, '2020-12-17', 569000, '2020-12-17 14:14:08', '2020-12-17 14:14:08'),
(52, 'diaz-4RVXTT2ucF', 'Diaz', '052/ADS/XII/2020', '15', NULL, NULL, '2020-12-18', 1222000, '2020-12-18 00:13:44', '2020-12-18 00:13:44'),
(53, 'diaz-hAxJq4bf08', 'Diaz', '053/ADS/XII/2020', '8', NULL, NULL, '2020-12-18', 188000, '2020-12-18 00:31:19', '2020-12-18 00:31:19'),
(54, 'diaz-fwBk11C0ko', 'Diaz', '054/ADS/XII/2020', '8', NULL, NULL, '2020-12-18', 1416000, '2020-12-18 00:41:44', '2020-12-18 00:41:44'),
(55, 'diaz-kykfr5zefc', 'Diaz', '055/ADS/XII/2020', '9', NULL, NULL, '2020-12-18', 704000, '2020-12-18 00:44:10', '2020-12-18 00:44:10'),
(56, 'diaz-bUvG7Zqu1O', 'Diaz', '056/ADS/XII/2020', '2', NULL, NULL, '2020-12-18', 2579000, '2020-12-18 00:48:13', '2020-12-18 00:48:13'),
(57, 'diaz-DYXHs2GhZf', 'Diaz', '057/ADS/XII/2020', '2', NULL, NULL, '2020-12-18', 2535000, '2020-12-18 00:51:55', '2020-12-18 00:51:55'),
(58, 'diaz-x84CuMYtw7', 'Diaz', '058/ADS/XII/2020', '10', NULL, NULL, '2020-12-18', 2128000, '2020-12-18 00:54:06', '2020-12-18 00:54:06'),
(59, 'diaz-CmRfUnFCC3', 'Diaz', '059/ADS/XII/2020', '9', NULL, NULL, '2020-12-18', 98000, '2020-12-18 02:11:59', '2020-12-18 02:11:59'),
(60, 'diaz-zxz8glamTA', 'Diaz', '060/ADS/XII/2020', '5', NULL, NULL, '2020-12-18', 667000, '2020-12-18 02:13:53', '2020-12-18 02:13:53'),
(61, 'diaz-70bz8EDMNG', 'Diaz', '061/ADS/XII/2020', '5', NULL, NULL, '2020-12-18', 1157000, '2020-12-18 02:15:53', '2020-12-18 02:15:53'),
(62, 'diaz-Yf7bnH1MNf', 'Diaz', '062/ADS/XII/2020', '7', NULL, NULL, '2020-12-18', 667000, '2020-12-18 02:17:43', '2020-12-18 02:17:43'),
(63, 'diaz-KIAP3r5QzK', 'Diaz', '063/ADS/XII/2020', '5', NULL, NULL, '2020-12-18', 588000, '2020-12-18 02:19:40', '2020-12-18 02:19:40'),
(64, 'diaz-EXXzWGuhdG', 'Diaz', '064/ADS/XII/2020', '8', NULL, NULL, '2020-12-18', 196000, '2020-12-18 02:42:11', '2020-12-18 02:42:11'),
(65, 'diaz-Qpps9DdxWC', 'Diaz', '065/ADS/XII/2020', '5', NULL, NULL, '2020-12-18', 302000, '2020-12-18 05:36:25', '2020-12-18 05:36:25'),
(66, 'diaz-8bJQX1zfQG', 'Diaz', '066/ADS/XII/2020', '12', NULL, NULL, '2020-12-18', 97000, '2020-12-18 05:38:04', '2020-12-18 05:38:04'),
(67, 'diaz-Cvwf89jXQw', 'Diaz', '067/ADS/XII/2020', '7', NULL, NULL, '2020-12-18', 97000, '2020-12-18 05:43:45', '2020-12-18 05:43:45'),
(68, 'diaz-DY0ndqpOhd', 'Diaz', '068/ADS/XII/2020', '8', NULL, NULL, '2020-12-18', 1110000, '2020-12-18 05:44:56', '2020-12-18 05:44:56'),
(69, 'diaz-TkWKu2XCOF', 'Diaz', '069/ADS/XII/2020', '18', NULL, NULL, '2020-12-18', 405000, '2020-12-18 05:46:38', '2020-12-18 05:46:38'),
(70, 'diaz-4E2vLwruk2', 'Diaz', '070/ADS/XII/2020', '12', NULL, NULL, '2020-12-18', 948000, '2020-12-18 05:51:14', '2020-12-18 05:51:14'),
(71, 'diaz-Q2NP8vW6EY', 'Diaz', '071/ADS/XII/2020', '7', NULL, NULL, '2020-12-18', 1995000, '2020-12-18 05:54:14', '2020-12-18 05:54:14'),
(72, 'diaz-hRPeVkOyAO', 'Diaz', '072/ADS/XII/2020', '11', NULL, NULL, '2020-12-18', 2608000, '2020-12-18 05:56:52', '2020-12-18 05:56:52'),
(73, 'diaz-Mwe6Qx3pxi', 'Diaz', '073/ADS/XII/2020', '2', NULL, NULL, '2020-12-18', 2558000, '2020-12-18 05:59:43', '2020-12-18 05:59:43'),
(74, 'diaz-XPlOkBpFq9', 'Diaz', '074/ADS/XII/2020', '6', NULL, NULL, '2020-12-21', 572000, '2020-12-21 07:25:26', '2020-12-21 07:25:26'),
(75, 'diaz-rygCBW0Aim', 'Diaz', '075/ADS/XII/2020', '9', NULL, NULL, '2020-12-21', 43000, '2020-12-21 07:36:58', '2020-12-21 07:36:58'),
(76, 'diaz-EfGigd338G', 'Diaz', '076/ADS/XII/2020', '9', 1000, NULL, '2020-12-22', 1714000, '2020-12-22 14:32:42', '2020-12-22 14:32:42'),
(77, 'diaz-BVm6aReXqC', 'Diaz', '077/ADS/XII/2020', '8', NULL, NULL, '2020-12-24', 233000, '2020-12-24 04:18:38', '2020-12-24 04:18:38'),
(78, 'diaz-dRPM7LndUt', 'Diaz', '078/ADS/XII/2020', '10', NULL, NULL, '2020-12-24', 53000, '2020-12-24 04:22:16', '2020-12-24 04:22:16'),
(79, 'diaz-U9nRTDoCp4', 'Diaz', '079/ADS/XII/2020', '9', NULL, NULL, '2020-12-24', 756000, '2020-12-24 05:34:14', '2020-12-24 05:34:14'),
(80, 'diaz-iojIYu5ZHp', 'Diaz', '080/ADS/XII/2020', '11', NULL, NULL, '2020-12-24', 1477000, '2020-12-24 06:51:58', '2020-12-24 06:51:58'),
(81, 'diaz-6TXWqqWVqo', 'Diaz', '081/ADS/XII/2020', '3', NULL, NULL, '2020-12-24', 1694000, '2020-12-24 06:56:28', '2020-12-24 06:56:28'),
(82, 'diaz-eGWtZYBtmy', 'Diaz', '082/ADS/XII/2020', '13', NULL, NULL, '2020-12-24', 2073000, '2020-12-24 06:59:30', '2020-12-24 06:59:30'),
(83, 'diaz-3lB2xztArD', 'Diaz', '083/ADS/XII/2020', '8', NULL, NULL, '2020-12-24', 2125000, '2020-12-24 07:03:05', '2020-12-24 07:03:05'),
(84, 'diaz-CNldCSssDz', 'Diaz', '084/ADS/XII/2020', '6', NULL, NULL, '2020-12-24', 2535500, '2020-12-24 07:07:49', '2020-12-24 07:07:49');

-- --------------------------------------------------------

--
-- Struktur dari tabel `faktur_barangs`
--

CREATE TABLE `faktur_barangs` (
  `id` bigint(20) UNSIGNED NOT NULL,
  `faktur_id` int(11) NOT NULL,
  `idBarang` int(11) NOT NULL,
  `qty` int(11) NOT NULL,
  `jumlah_harga` int(11) NOT NULL,
  `HPP` int(11) NOT NULL,
  `laba` int(11) NOT NULL,
  `created_at` timestamp NULL DEFAULT NULL,
  `updated_at` timestamp NULL DEFAULT NULL
) ENGINE=InnoDB DEFAULT CHARSET=utf8mb4 COLLATE=utf8mb4_unicode_ci;

--
-- Dumping data untuk tabel `faktur_barangs`
--

INSERT INTO `faktur_barangs` (`id`, `faktur_id`, `idBarang`, `qty`, `jumlah_harga`, `HPP`, `laba`, `created_at`, `updated_at`) VALUES
(171, 11, 4, 2, 50000, 23500, 3000, NULL, NULL),
(172, 11, 3, 1, 270000, 260000, 10000, NULL, NULL),
(173, 12, 1, 2, 47000, 20800, 5400, NULL, NULL),
(174, 12, 4, 3, 75000, 23500, 4500, NULL, NULL),
(175, 12, 3, 2, 540000, 260000, 20000, NULL, NULL),
(176, 13, 3, 2, 540000, 260000, 20000, NULL, NULL),
(177, 13, 1, 2, 47000, 20800, 5400, NULL, NULL),
(178, 13, 4, 2, 50000, 23500, 3000, NULL, NULL),
(179, 14, 1, 2, 47000, 20800, 5400, NULL, NULL),
(180, 15, 1, 2, 47000, 20800, 5400, NULL, NULL),
(181, 16, 1, 2, 47000, 20800, 5400, NULL, NULL),
(182, 17, 1, 2, 47000, 20800, 5400, NULL, NULL),
(183, 18, 1, 2, 47000, 20800, 5400, NULL, NULL),
(184, 19, 1, 2, 47000, 20800, 5400, NULL, NULL),
(185, 20, 1, 2, 47000, 20800, 5400, NULL, NULL),
(186, 21, 1, 2, 47000, 20800, 5400, NULL, NULL),
(187, 22, 1, 2, 47000, 20800, 5400, NULL, NULL),
(188, 23, 3, 2, 540000, 260000, 20000, NULL, NULL),
(189, 24, 4, 2, 50000, 23500, 3000, NULL, NULL),
(190, 25, 4, 2, 50000, 23500, 3000, NULL, NULL),
(191, 26, 1, 2, 47000, 20800, 5400, NULL, NULL),
(192, 27, 1, 2, 47000, 20800, 5400, NULL, NULL),
(193, 28, 1, 2, 47000, 20800, 5400, NULL, NULL),
(194, 29, 1, 2, 47000, 20800, 5400, NULL, NULL),
(195, 30, 4, 2, 50000, 23500, 3000, NULL, NULL),
(196, 31, 1, 2, 47000, 20800, 5400, NULL, NULL),
(197, 32, 1, 2, 47000, 20800, 5400, NULL, NULL),
(198, 33, 4, 2, 50000, 23500, 3000, NULL, NULL),
(199, 34, 1, 2, 47000, 20800, 5400, NULL, NULL),
(200, 35, 1, 2, 47000, 20800, 5400, NULL, NULL),
(201, 36, 4, 2, 50000, 23500, 3000, NULL, NULL),
(202, 37, 4, 2, 50000, 23500, 3000, NULL, NULL),
(203, 38, 1, 2, 47000, 20800, 5400, NULL, NULL),
(204, 39, 1, 2, 47000, 20800, 5400, NULL, NULL),
(205, 40, 1, 2, 47000, 20800, 5400, NULL, NULL),
(206, 41, 1, 2, 47000, 20800, 5400, NULL, NULL),
(207, 41, 4, 20, 500000, 23500, 30000, NULL, NULL),
(208, 42, 4, 23, 575000, 23500, 34500, NULL, NULL),
(209, 42, 1, 4, 94000, 20800, 10800, NULL, NULL),
(210, 43, 1, 2, 47000, 20800, 5400, NULL, NULL),
(211, 44, 1, 2, 47000, 41600, 5400, NULL, NULL),
(212, 45, 1, 2, 47000, 41600, 5400, NULL, NULL),
(213, 46, 1, 1, 23500, 20800, 2700, NULL, NULL),
(214, 46, 3, 2, 540000, 520000, 20000, NULL, NULL),
(215, 47, 3, 4, 1080000, 1040000, 40000, NULL, NULL),
(216, 47, 9, 2, 50000, 47000, 3000, NULL, NULL),
(217, 48, 10, 2, 570000, 520000, 50000, NULL, NULL),
(218, 48, 4, 2, 50000, 47000, 3000, NULL, NULL),
(219, 49, 10, 1, 285000, 260000, 25000, NULL, NULL),
(220, 50, 25, 2, 123000, 114080, 8920, NULL, NULL),
(221, 50, 16, 2, 19000, 18000, 1000, NULL, NULL),
(222, 50, 18, 2, 98000, 86000, 12000, NULL, NULL),
(223, 51, 3, 2, 540000, 520000, 20000, NULL, NULL),
(224, 51, 17, 2, 29000, 27500, 1500, NULL, NULL),
(225, 52, 12, 2, 186000, 166000, 20000, NULL, NULL),
(226, 52, 17, 2, 29000, 27500, 1500, NULL, NULL),
(227, 52, 1, 2, 47000, 41600, 5400, NULL, NULL),
(228, 52, 4, 2, 50000, 47000, 3000, NULL, NULL),
(229, 52, 10, 2, 570000, 520000, 50000, NULL, NULL),
(230, 52, 12, 2, 186000, 166000, 20000, NULL, NULL),
(231, 52, 35, 2, 50000, 44000, 6000, NULL, NULL),
(232, 52, 33, 2, 104000, 97700, 6300, NULL, NULL),
(233, 53, 1, 2, 47000, 41600, 5400, NULL, NULL),
(234, 53, 8, 2, 48000, 44000, 4000, NULL, NULL),
(235, 53, 15, 2, 69000, 68000, 1000, NULL, NULL),
(236, 53, 22, 2, 24000, 23000, 1000, NULL, NULL),
(237, 54, 4, 2, 50000, 47000, 3000, NULL, NULL),
(238, 54, 1, 2, 47000, 41600, 5400, NULL, NULL),
(239, 54, 8, 2, 48000, 44000, 4000, NULL, NULL),
(240, 54, 11, 2, 46000, 39000, 7000, NULL, NULL),
(241, 54, 14, 2, 358000, 344000, 14000, NULL, NULL),
(242, 54, 18, 2, 98000, 86000, 12000, NULL, NULL),
(243, 54, 23, 2, 25000, 24000, 1000, NULL, NULL),
(244, 54, 35, 2, 50000, 44000, 6000, NULL, NULL),
(245, 54, 32, 2, 52000, 50000, 2000, NULL, NULL),
(246, 54, 28, 2, 54000, 47000, 7000, NULL, NULL),
(247, 54, 24, 2, 25000, 23000, 2000, NULL, NULL),
(248, 54, 16, 2, 19000, 18000, 1000, NULL, NULL),
(249, 54, 12, 2, 186000, 166000, 20000, NULL, NULL),
(250, 54, 14, 2, 358000, 344000, 14000, NULL, NULL),
(251, 55, 1, 2, 47000, 41600, 5400, NULL, NULL),
(252, 55, 3, 2, 540000, 520000, 20000, NULL, NULL),
(253, 55, 8, 2, 48000, 44000, 4000, NULL, NULL),
(254, 55, 15, 2, 69000, 68000, 1000, NULL, NULL),
(255, 56, 1, 2, 47000, 41600, 5400, NULL, NULL),
(256, 56, 4, 2, 50000, 47000, 3000, NULL, NULL),
(257, 56, 3, 2, 540000, 520000, 20000, NULL, NULL),
(258, 56, 8, 2, 48000, 44000, 4000, NULL, NULL),
(259, 56, 9, 2, 50000, 47000, 3000, NULL, NULL),
(260, 56, 10, 2, 570000, 520000, 50000, NULL, NULL),
(261, 56, 11, 2, 46000, 39000, 7000, NULL, NULL),
(262, 56, 12, 2, 186000, 166000, 20000, NULL, NULL),
(263, 56, 13, 2, 344000, 330000, 14000, NULL, NULL),
(264, 56, 14, 2, 358000, 344000, 14000, NULL, NULL),
(265, 56, 15, 2, 69000, 68000, 1000, NULL, NULL),
(266, 56, 16, 2, 19000, 18000, 1000, NULL, NULL),
(267, 56, 18, 2, 98000, 86000, 12000, NULL, NULL),
(268, 56, 19, 2, 32000, 28800, 3200, NULL, NULL),
(269, 56, 20, 2, 49000, 47000, 2000, NULL, NULL),
(270, 56, 21, 2, 24000, 23000, 1000, NULL, NULL),
(271, 56, 22, 2, 24000, 23000, 1000, NULL, NULL),
(272, 56, 23, 2, 25000, 24000, 1000, NULL, NULL),
(273, 57, 1, 2, 47000, 41600, 5400, NULL, NULL),
(274, 57, 4, 2, 50000, 47000, 3000, NULL, NULL),
(275, 57, 3, 2, 540000, 520000, 20000, NULL, NULL),
(276, 57, 8, 2, 48000, 44000, 4000, NULL, NULL),
(277, 57, 9, 2, 50000, 47000, 3000, NULL, NULL),
(278, 57, 10, 2, 570000, 520000, 50000, NULL, NULL),
(279, 57, 11, 2, 46000, 39000, 7000, NULL, NULL),
(280, 57, 12, 2, 186000, 166000, 20000, NULL, NULL),
(281, 57, 13, 2, 344000, 330000, 14000, NULL, NULL),
(282, 57, 14, 2, 358000, 344000, 14000, NULL, NULL),
(283, 57, 15, 2, 69000, 68000, 1000, NULL, NULL),
(284, 57, 16, 2, 19000, 18000, 1000, NULL, NULL),
(285, 57, 17, 2, 29000, 27500, 1500, NULL, NULL),
(286, 57, 18, 2, 98000, 86000, 12000, NULL, NULL),
(287, 57, 19, 2, 32000, 28800, 3200, NULL, NULL),
(288, 58, 1, 2, 47000, 41600, 5400, NULL, NULL),
(289, 58, 4, 2, 50000, 47000, 3000, NULL, NULL),
(290, 58, 3, 2, 540000, 520000, 20000, NULL, NULL),
(291, 58, 8, 2, 48000, 44000, 4000, NULL, NULL),
(292, 58, 9, 2, 50000, 47000, 3000, NULL, NULL),
(293, 58, 10, 2, 570000, 520000, 50000, NULL, NULL),
(294, 58, 11, 2, 46000, 39000, 7000, NULL, NULL),
(295, 58, 12, 2, 186000, 166000, 20000, NULL, NULL),
(296, 58, 13, 2, 344000, 330000, 14000, NULL, NULL),
(297, 58, 15, 2, 69000, 68000, 1000, NULL, NULL),
(298, 58, 16, 2, 19000, 18000, 1000, NULL, NULL),
(299, 58, 17, 2, 29000, 27500, 1500, NULL, NULL),
(300, 58, 18, 2, 98000, 86000, 12000, NULL, NULL),
(301, 58, 19, 2, 32000, 28800, 3200, NULL, NULL),
(302, 59, 4, 2, 50000, 47000, 3000, NULL, NULL),
(303, 59, 8, 2, 48000, 44000, 4000, NULL, NULL),
(304, 60, 1, 2, 47000, 41600, 5400, NULL, NULL),
(305, 60, 4, 2, 50000, 47000, 3000, NULL, NULL),
(306, 60, 10, 2, 570000, 520000, 50000, NULL, NULL),
(307, 61, 1, 2, 47000, 41600, 5400, NULL, NULL),
(308, 61, 3, 2, 540000, 520000, 20000, NULL, NULL),
(309, 61, 10, 2, 570000, 520000, 50000, NULL, NULL),
(310, 62, 1, 2, 47000, 41600, 5400, NULL, NULL),
(311, 62, 4, 2, 50000, 47000, 3000, NULL, NULL),
(312, 62, 10, 2, 570000, 520000, 50000, NULL, NULL),
(313, 63, 3, 2, 540000, 520000, 20000, NULL, NULL),
(314, 63, 8, 2, 48000, 44000, 4000, NULL, NULL),
(315, 64, 4, 2, 50000, 47000, 3000, NULL, NULL),
(316, 64, 8, 2, 48000, 44000, 4000, NULL, NULL),
(317, 64, 18, 2, 98000, 86000, 12000, NULL, NULL),
(318, 65, 1, 2, 47000, 41600, 5400, NULL, NULL),
(319, 65, 12, 2, 186000, 166000, 20000, NULL, NULL),
(320, 65, 15, 2, 69000, 68000, 1000, NULL, NULL),
(321, 66, 1, 2, 47000, 41600, 5400, NULL, NULL),
(322, 66, 4, 2, 50000, 47000, 3000, NULL, NULL),
(323, 67, 1, 2, 47000, 41600, 5400, NULL, NULL),
(324, 67, 4, 2, 50000, 47000, 3000, NULL, NULL),
(325, 68, 10, 2, 570000, 520000, 50000, NULL, NULL),
(326, 68, 3, 2, 540000, 520000, 20000, NULL, NULL),
(327, 69, 1, 2, 47000, 41600, 5400, NULL, NULL),
(328, 69, 14, 2, 358000, 344000, 14000, NULL, NULL),
(329, 70, 3, 2, 540000, 520000, 20000, NULL, NULL),
(330, 70, 9, 2, 50000, 47000, 3000, NULL, NULL),
(331, 70, 14, 2, 358000, 344000, 14000, NULL, NULL),
(332, 71, 1, 2, 47000, 41600, 5400, NULL, NULL),
(333, 71, 4, 2, 50000, 47000, 3000, NULL, NULL),
(334, 71, 8, 2, 48000, 44000, 4000, NULL, NULL),
(335, 71, 9, 2, 50000, 47000, 3000, NULL, NULL),
(336, 71, 10, 2, 570000, 520000, 50000, NULL, NULL),
(337, 71, 11, 2, 46000, 39000, 7000, NULL, NULL),
(338, 71, 12, 2, 186000, 166000, 20000, NULL, NULL),
(339, 71, 13, 2, 344000, 330000, 14000, NULL, NULL),
(340, 71, 14, 2, 358000, 344000, 14000, NULL, NULL),
(341, 71, 15, 2, 69000, 68000, 1000, NULL, NULL),
(342, 71, 16, 2, 19000, 18000, 1000, NULL, NULL),
(343, 71, 17, 2, 29000, 27500, 1500, NULL, NULL),
(344, 71, 18, 2, 98000, 86000, 12000, NULL, NULL),
(345, 71, 19, 2, 32000, 28800, 3200, NULL, NULL),
(346, 71, 20, 2, 49000, 47000, 2000, NULL, NULL),
(347, 72, 1, 2, 47000, 41600, 5400, NULL, NULL),
(348, 72, 3, 2, 540000, 520000, 20000, NULL, NULL),
(349, 72, 4, 2, 50000, 47000, 3000, NULL, NULL),
(350, 72, 9, 2, 50000, 47000, 3000, NULL, NULL),
(351, 72, 8, 2, 48000, 44000, 4000, NULL, NULL),
(352, 72, 10, 2, 570000, 520000, 50000, NULL, NULL),
(353, 72, 11, 2, 46000, 39000, 7000, NULL, NULL),
(354, 72, 12, 2, 186000, 166000, 20000, NULL, NULL),
(355, 72, 13, 2, 344000, 330000, 14000, NULL, NULL),
(356, 72, 14, 2, 358000, 344000, 14000, NULL, NULL),
(357, 72, 15, 2, 69000, 68000, 1000, NULL, NULL),
(358, 72, 16, 2, 19000, 18000, 1000, NULL, NULL),
(359, 72, 17, 2, 29000, 27500, 1500, NULL, NULL),
(360, 72, 18, 2, 98000, 86000, 12000, NULL, NULL),
(361, 72, 19, 2, 32000, 28800, 3200, NULL, NULL),
(362, 72, 20, 2, 49000, 47000, 2000, NULL, NULL),
(363, 72, 21, 2, 24000, 23000, 1000, NULL, NULL),
(364, 72, 22, 2, 24000, 23000, 1000, NULL, NULL),
(365, 72, 23, 2, 25000, 24000, 1000, NULL, NULL),
(366, 73, 1, 2, 47000, 41600, 5400, NULL, NULL),
(367, 73, 3, 2, 540000, 520000, 20000, NULL, NULL),
(368, 73, 8, 2, 48000, 44000, 4000, NULL, NULL),
(369, 73, 9, 2, 50000, 47000, 3000, NULL, NULL),
(370, 73, 10, 2, 570000, 520000, 50000, NULL, NULL),
(371, 73, 11, 2, 46000, 39000, 7000, NULL, NULL),
(372, 73, 12, 2, 186000, 166000, 20000, NULL, NULL),
(373, 73, 13, 2, 344000, 330000, 14000, NULL, NULL),
(374, 73, 14, 2, 358000, 344000, 14000, NULL, NULL),
(375, 73, 15, 2, 69000, 68000, 1000, NULL, NULL),
(376, 73, 16, 2, 19000, 18000, 1000, NULL, NULL),
(377, 73, 17, 2, 29000, 27500, 1500, NULL, NULL),
(378, 73, 18, 2, 98000, 86000, 12000, NULL, NULL),
(379, 73, 19, 2, 32000, 28800, 3200, NULL, NULL),
(380, 73, 20, 2, 49000, 47000, 2000, NULL, NULL),
(381, 73, 21, 2, 24000, 23000, 1000, NULL, NULL),
(382, 73, 22, 2, 24000, 23000, 1000, NULL, NULL),
(383, 73, 23, 2, 25000, 24000, 1000, NULL, NULL),
(384, 74, 3, 2, 540000, 520000, 20000, NULL, NULL),
(385, 74, 19, 2, 32000, 28800, 3200, NULL, NULL),
(386, 75, 21, 2, 24000, 23000, 1000, NULL, NULL),
(387, 75, 16, 2, 19000, 18000, 1000, NULL, NULL),
(388, 76, 10, 3, 855000, 780000, 75000, NULL, NULL),
(389, 76, 13, 5, 860000, 825000, 35000, NULL, NULL),
(390, 77, 1, 2, 47000, 41600, 5400, NULL, NULL),
(391, 77, 12, 2, 186000, 166000, 20000, NULL, NULL),
(392, 78, 8, 1, 24000, 22000, 2000, NULL, NULL),
(393, 78, 17, 2, 29000, 27500, 1500, NULL, NULL),
(394, 79, 10, 2, 570000, 520000, 50000, NULL, NULL),
(395, 79, 12, 2, 186000, 166000, 20000, NULL, NULL),
(396, 80, 1, 2, 47000, 41600, 5400, NULL, NULL),
(397, 80, 13, 2, 344000, 330000, 14000, NULL, NULL),
(398, 80, 16, 2, 19000, 18000, 1000, NULL, NULL),
(399, 80, 20, 2, 49000, 47000, 2000, NULL, NULL),
(400, 80, 3, 2, 540000, 520000, 20000, NULL, NULL),
(401, 80, 11, 2, 46000, 39000, 7000, NULL, NULL),
(402, 80, 13, 2, 344000, 330000, 14000, NULL, NULL),
(403, 80, 15, 2, 69000, 68000, 1000, NULL, NULL),
(404, 80, 16, 2, 19000, 18000, 1000, NULL, NULL),
(405, 81, 1, 2, 47000, 41600, 5400, NULL, NULL),
(406, 81, 3, 2, 540000, 520000, 20000, NULL, NULL),
(407, 81, 11, 2, 46000, 39000, 7000, NULL, NULL),
(408, 81, 12, 2, 186000, 166000, 20000, NULL, NULL),
(409, 81, 14, 2, 358000, 344000, 14000, NULL, NULL),
(410, 81, 15, 2, 69000, 68000, 1000, NULL, NULL),
(411, 81, 16, 2, 19000, 18000, 1000, NULL, NULL),
(412, 81, 17, 2, 29000, 27500, 1500, NULL, NULL),
(413, 81, 18, 2, 98000, 86000, 12000, NULL, NULL),
(414, 81, 19, 2, 32000, 28800, 3200, NULL, NULL),
(415, 81, 20, 2, 49000, 47000, 2000, NULL, NULL),
(416, 81, 21, 2, 24000, 23000, 1000, NULL, NULL),
(417, 81, 22, 2, 24000, 23000, 1000, NULL, NULL),
(418, 81, 23, 2, 25000, 24000, 1000, NULL, NULL),
(419, 81, 24, 2, 25000, 23000, 2000, NULL, NULL),
(420, 81, 25, 2, 123000, 114080, 8920, NULL, NULL),
(421, 82, 1, 2, 47000, 41600, 5400, NULL, NULL),
(422, 82, 9, 2, 50000, 47000, 3000, NULL, NULL),
(423, 82, 3, 2, 540000, 520000, 20000, NULL, NULL),
(424, 82, 11, 2, 46000, 39000, 7000, NULL, NULL),
(425, 82, 12, 2, 186000, 166000, 20000, NULL, NULL),
(426, 82, 13, 2, 344000, 330000, 14000, NULL, NULL),
(427, 82, 14, 2, 358000, 344000, 14000, NULL, NULL),
(428, 82, 15, 2, 69000, 68000, 1000, NULL, NULL),
(429, 82, 16, 2, 19000, 18000, 1000, NULL, NULL),
(430, 82, 17, 2, 29000, 27500, 1500, NULL, NULL),
(431, 82, 18, 2, 98000, 86000, 12000, NULL, NULL),
(432, 82, 19, 2, 32000, 28800, 3200, NULL, NULL),
(433, 82, 20, 2, 49000, 47000, 2000, NULL, NULL),
(434, 82, 21, 2, 24000, 23000, 1000, NULL, NULL),
(435, 82, 23, 2, 25000, 24000, 1000, NULL, NULL),
(436, 82, 24, 2, 25000, 23000, 2000, NULL, NULL),
(437, 82, 31, 2, 28000, 23000, 5000, NULL, NULL),
(438, 82, 29, 2, 104000, 94000, 10000, NULL, NULL),
(439, 83, 1, 2, 47000, 41600, 5400, NULL, NULL),
(440, 83, 3, 2, 540000, 520000, 20000, NULL, NULL),
(441, 83, 11, 2, 46000, 39000, 7000, NULL, NULL),
(442, 83, 13, 2, 344000, 330000, 14000, NULL, NULL),
(443, 83, 14, 2, 358000, 344000, 14000, NULL, NULL),
(444, 83, 16, 2, 19000, 18000, 1000, NULL, NULL),
(445, 83, 15, 2, 69000, 68000, 1000, NULL, NULL),
(446, 83, 17, 2, 29000, 27500, 1500, NULL, NULL),
(447, 83, 18, 2, 98000, 86000, 12000, NULL, NULL),
(448, 83, 19, 2, 32000, 28800, 3200, NULL, NULL),
(449, 83, 21, 2, 24000, 23000, 1000, NULL, NULL),
(450, 83, 22, 2, 24000, 23000, 1000, NULL, NULL),
(451, 83, 23, 2, 25000, 24000, 1000, NULL, NULL),
(452, 83, 12, 2, 186000, 166000, 20000, NULL, NULL),
(453, 83, 25, 2, 123000, 114080, 8920, NULL, NULL),
(454, 83, 25, 2, 123000, 114080, 8920, NULL, NULL),
(455, 83, 34, 2, 38000, 35300, 2700, NULL, NULL),
(456, 84, 1, 2, 47000, 41600, 5400, NULL, NULL),
(457, 84, 9, 2, 50000, 47000, 3000, NULL, NULL),
(458, 84, 10, 2, 570000, 520000, 50000, NULL, NULL),
(459, 84, 12, 2, 186000, 166000, 20000, NULL, NULL),
(460, 84, 13, 2, 344000, 330000, 14000, NULL, NULL),
(461, 84, 14, 2, 358000, 344000, 14000, NULL, NULL),
(462, 84, 16, 1, 9500, 9000, 500, NULL, NULL),
(463, 84, 18, 1, 49000, 43000, 6000, NULL, NULL),
(464, 84, 19, 4, 64000, 57600, 6400, NULL, NULL),
(465, 84, 20, 3, 73500, 70500, 3000, NULL, NULL),
(466, 84, 21, 3, 36000, 34500, 1500, NULL, NULL),
(467, 84, 22, 4, 48000, 46000, 2000, NULL, NULL),
(468, 84, 24, 3, 37500, 34500, 3000, NULL, NULL),
(469, 84, 26, 4, 246000, 239200, 6800, NULL, NULL),
(470, 84, 25, 3, 184500, 171120, 13380, NULL, NULL),
(471, 84, 33, 3, 156000, 146550, 9450, NULL, NULL),
(472, 84, 30, 3, 76500, 69000, 7500, NULL, NULL);

-- --------------------------------------------------------

--
-- Struktur dari tabel `goods`
--

CREATE TABLE `goods` (
  `id` bigint(20) UNSIGNED NOT NULL,
  `slug` varchar(255) COLLATE utf8mb4_unicode_ci NOT NULL,
  `kodeBarang` varchar(255) COLLATE utf8mb4_unicode_ci NOT NULL,
  `namaBarang` varchar(255) COLLATE utf8mb4_unicode_ci NOT NULL,
  `hargaModal` int(11) NOT NULL,
  `stok` int(11) DEFAULT 0,
  `minStok` int(11) NOT NULL,
  `satuan` varchar(255) COLLATE utf8mb4_unicode_ci NOT NULL,
  `created_at` timestamp NULL DEFAULT NULL,
  `updated_at` timestamp NULL DEFAULT NULL
) ENGINE=InnoDB DEFAULT CHARSET=utf8mb4 COLLATE=utf8mb4_unicode_ci;

--
-- Dumping data untuk tabel `goods`
--

INSERT INTO `goods` (`id`, `slug`, `kodeBarang`, `namaBarang`, `hargaModal`, `stok`, `minStok`, `satuan`, `created_at`, `updated_at`) VALUES
(1, 'telur-ayam-hjBekIy5Vn', 'TA-111', 'Telur Ayam', 20800, 97, 10, 'KG', '2020-11-12 00:56:58', '2020-11-12 00:56:58'),
(2, 'minyak-goreng-dus-5eOYof2vYc', 'MG-0001', 'Minyak Goreng Dus', 146000, 200, 10, 'DUS', '2020-11-12 00:58:36', '2020-11-12 01:02:03'),
(3, 'beras-6qxSJMMrvA', 'B-0001', 'Beras', 260000, 108, 10, 'KARUNG', '2020-11-12 00:59:23', '2020-11-12 00:59:23'),
(4, 'minyak-goreng-liter-Gq2YL4A01J', 'MG-0002', 'Minyak Goreng Liter', 23500, 9, 10, 'LITER', '2020-11-12 01:04:26', '2020-11-12 01:04:26'),
(5, 'naget-BBoUUUGAuz', 'no0', 'naget', 10000, 200, 15, 'pack', '2020-11-12 02:07:26', '2020-11-12 02:07:26'),
(6, 'kopi-luwah=-VABKqZ82MJ', 'mk-01', 'kopi luwah=', 20000, 196, 3, 'Kg', '2020-11-14 22:37:00', '2020-11-14 22:37:00'),
(7, 'klsfk-cUtbsSogpv', '0ddfksl', 'klsfk', 2999, 0, 2, 'o', '2020-11-29 18:52:07', '2020-11-29 18:52:07'),
(8, 'telor-ayam-NjHn8OyJgm', 'TA', 'Telor Ayam', 22000, 75, 3, 'kg', '2020-12-09 05:41:33', '2020-12-09 05:41:33'),
(9, 'minyak-goreng-S79H0NJ80k', 'MG', 'Minyak Goreng', 23500, 80, 3, '2ltr', '2020-12-09 05:44:14', '2020-12-09 05:44:14'),
(10, 'beras-u5bVIk8FXH', 'b', 'Beras', 260000, 68, 3, '25kg', '2020-12-09 05:46:00', '2020-12-09 05:46:00'),
(11, 'kecap-bango-JWrbKG7O6U', 'KB', 'Kecap Bango', 19500, 78, 3, '800Ml', '2020-12-09 05:47:41', '2020-12-09 05:47:41'),
(12, 'kerupuk-sumber-sari-aDyYOhpVLv', 'KSS', 'Kerupuk Sumber Sari', 83000, 68, 3, '5kg', '2020-12-09 05:49:13', '2020-12-09 05:49:13'),
(13, 'tepung-breadcumph-wyYi2MLU0Q', 'TB', 'Tepung Breadcumph', 165000, 73, 3, '25kg', '2020-12-09 05:50:44', '2020-12-09 05:50:44'),
(14, 'tepung-segitiga-ARgv3s4Lho', 'TS', 'Tepung Segitiga', 172000, 74, 3, '50kg', '2020-12-09 05:52:13', '2020-12-09 05:52:13'),
(15, 'ajinomoto-scm0EDarJ5', 'A', 'Ajinomoto', 34000, 74, 3, '1kg', '2020-12-09 05:53:31', '2020-12-09 05:53:31'),
(16, 'susu-indomilk-8jCX5i9IMA', 'SI', 'Susu Indomilk', 9000, 71, 3, 'klg', '2020-12-09 05:55:12', '2020-12-09 05:55:12'),
(17, 'susu-f.-n-5nXRUcIbZk', 'S F.N', 'Susu F.N', 13750, 78, 3, 'klg', '2020-12-09 05:56:58', '2020-12-09 05:56:58'),
(18, 'aqua-botol300ml-Jba4ononok', 'AB', 'Aqua botol 300ml', 43000, 75, 3, '1dz', '2020-12-09 05:59:00', '2020-12-09 05:59:00'),
(19, 'ultra-milk-Czrn54wzlo', 'UM', 'Ultra Milk', 14400, 76, 3, '1ltr', '2020-12-09 06:00:20', '2020-12-09 06:00:20'),
(20, 'lechy-TJXprMFpoP', 'L', 'Lechy', 23500, 83, 3, 'klg', '2020-12-09 06:01:44', '2020-12-09 06:01:44'),
(21, 'sprite-ysFGGY7PbP', 'S', 'Sprite', 11500, 83, 3, 'BTL', '2020-12-09 06:03:02', '2020-12-09 06:03:02'),
(22, 'fanta-6w9GccXl5S', 'F', 'Fanta', 11500, 84, 3, 'BTL', '2020-12-09 06:04:41', '2020-12-09 06:04:41'),
(23, 'cola--cola-Qj2VWL9JNm', 'CC', 'Cola - Cola', 12000, 86, 3, 'BTL', '2020-12-09 06:06:37', '2020-12-09 20:39:11'),
(24, 'gula-pasir-gkd8w1KFYw', 'GP', 'Gula Pasir', 11500, 91, 3, 'kg', '2020-12-09 06:07:51', '2020-12-09 06:07:51'),
(25, 'sosis-cocktail-2dgVWXm2vg', 'SC', 'Sosis Cocktail', 57040, 89, 3, 'pack', '2020-12-09 06:09:16', '2020-12-09 06:09:16'),
(26, 'sosis-bratswush-rgAZQym2Wm', 'SB', 'Sosis Bratswush', 59800, 96, 3, 'pack', '2020-12-09 06:10:35', '2020-12-09 06:10:35'),
(27, 'chikuwalong-tq8l3oRjhV', 'C', 'Chikuwalong', 52000, 100, 3, 'pack', '2020-12-09 06:12:03', '2020-12-09 06:12:03'),
(28, 'bakso-sayur-cedea-CbIgEjse5Z', 'BSC', 'Bakso Sayur Cedea', 23500, 98, 3, 'pack', '2020-12-09 06:13:43', '2020-12-09 06:13:43'),
(29, 'crab-stick-ypP8ve3b1b', 'CS', 'Crab Stick', 47000, 98, 3, 'pack', '2020-12-09 06:15:21', '2020-12-09 06:15:21'),
(30, 'narutomaki-LAdiWQdWQg', 'N', 'Narutomaki', 23000, 97, 3, 'pack', '2020-12-09 06:16:44', '2020-12-09 06:16:44'),
(31, 'balado-akSP4Ym9ln', 'BLD', 'Balado', 11500, 98, 3, 'pack', '2020-12-09 06:19:31', '2020-12-09 06:19:31'),
(32, 'mix-creespy-wonton-UofFZ9UK0M', 'MCW', 'Mix Creespy Wonton', 25000, 98, 3, 'duskecil/10', '2020-12-09 06:21:26', '2020-12-09 06:21:26'),
(33, 'cheese-brokoli-DSBaqYwnTO', 'CB', 'Cheese Brokoli', 48850, 95, 3, 'pack', '2020-12-09 06:23:28', '2020-12-09 06:23:28'),
(34, 'fiesta-gyoza-enD5fzLuBu', 'FG', 'Fiesta Gyoza', 17650, 298, 3, 'pack', '2020-12-09 06:24:46', '2020-12-09 06:24:46'),
(35, 'kentang-2AAIOwTB08', 'K', 'Kentang', 22000, 96, 3, 'kg', '2020-12-09 06:26:12', '2020-12-09 06:26:12'),
(36, 'test-barang-oR0gzztt3K', 'TEST', 'Test Barang', 100001, 100, 100, 'TEST', '2020-12-24 20:12:00', '2020-12-24 20:16:41');

-- --------------------------------------------------------

--
-- Struktur dari tabel `goods_first_stocks`
--

CREATE TABLE `goods_first_stocks` (
  `id` bigint(20) UNSIGNED NOT NULL,
  `goods_id` bigint(20) NOT NULL,
  `keterangan` varchar(255) COLLATE utf8mb4_unicode_ci NOT NULL,
  `stokAwal` int(11) NOT NULL,
  `created_at` timestamp NULL DEFAULT NULL,
  `updated_at` timestamp NULL DEFAULT NULL
) ENGINE=InnoDB DEFAULT CHARSET=utf8mb4 COLLATE=utf8mb4_unicode_ci;

--
-- Dumping data untuk tabel `goods_first_stocks`
--

INSERT INTO `goods_first_stocks` (`id`, `goods_id`, `keterangan`, `stokAwal`, `created_at`, `updated_at`) VALUES
(1, 5, 'ok', 100, '2020-11-12 02:07:46', '2020-11-12 02:07:46'),
(2, 6, 'k', 200, '2020-11-14 22:37:11', '2020-11-14 22:37:11'),
(3, 8, 'ok', 100, '2020-12-09 05:42:22', '2020-12-09 05:42:22'),
(4, 9, 'ok', 100, '2020-12-09 05:44:29', '2020-12-09 05:44:29'),
(5, 10, 'ok', 100, '2020-12-09 05:46:13', '2020-12-09 05:46:13'),
(6, 11, 'ok', 100, '2020-12-09 05:47:54', '2020-12-09 05:47:54'),
(7, 12, 'ok', 100, '2020-12-09 05:49:26', '2020-12-09 05:49:26'),
(8, 13, 'ok', 100, '2020-12-09 05:51:13', '2020-12-09 05:51:13'),
(9, 14, 'ok', 100, '2020-12-09 05:52:28', '2020-12-09 05:52:28'),
(10, 15, 'ok', 100, '2020-12-09 05:53:49', '2020-12-09 05:53:49'),
(11, 16, 'ok', 100, '2020-12-09 05:55:29', '2020-12-09 05:55:29'),
(12, 17, 'ok', 100, '2020-12-09 05:57:13', '2020-12-09 05:57:13'),
(13, 18, 'ok', 100, '2020-12-09 05:59:13', '2020-12-09 05:59:13'),
(14, 19, 'ok', 100, '2020-12-09 06:00:32', '2020-12-09 06:00:32'),
(15, 20, 'ok', 100, '2020-12-09 06:01:56', '2020-12-09 06:01:56'),
(16, 21, 'OK', 100, '2020-12-09 06:03:34', '2020-12-09 06:03:34'),
(17, 22, 'OK', 100, '2020-12-09 06:04:55', '2020-12-09 06:04:55'),
(18, 23, 'OK', 100, '2020-12-09 06:06:56', '2020-12-09 06:06:56'),
(19, 24, 'ok', 100, '2020-12-09 06:08:05', '2020-12-09 06:08:05'),
(20, 25, 'ok', 100, '2020-12-09 06:09:31', '2020-12-09 06:09:31'),
(21, 26, 'ok', 100, '2020-12-09 06:10:56', '2020-12-09 06:10:56'),
(22, 27, 'ok', 100, '2020-12-09 06:12:22', '2020-12-09 06:12:22'),
(23, 28, 'ok', 100, '2020-12-09 06:13:55', '2020-12-09 06:13:55'),
(24, 29, 'ok', 100, '2020-12-09 06:15:33', '2020-12-09 06:15:33'),
(25, 30, 'ok', 100, '2020-12-09 06:17:13', '2020-12-09 06:17:13'),
(26, 31, 'ok', 100, '2020-12-09 06:19:43', '2020-12-09 06:19:43'),
(27, 32, 'ok', 100, '2020-12-09 06:21:39', '2020-12-09 06:21:39'),
(28, 33, 'ok', 100, '2020-12-09 06:23:40', '2020-12-09 06:23:40'),
(29, 34, 'ok', 100, '2020-12-09 06:25:01', '2020-12-09 06:25:01'),
(30, 35, 'ok', 100, '2020-12-09 06:26:24', '2020-12-09 06:26:24'),
(31, 36, 'Stok Awal', 100, '2020-12-24 20:12:28', '2020-12-24 20:12:28');

-- --------------------------------------------------------

--
-- Struktur dari tabel `goods_prices`
--

CREATE TABLE `goods_prices` (
  `id` bigint(20) UNSIGNED NOT NULL,
  `goods_id` bigint(20) NOT NULL,
  `jenisOutlet` varchar(255) COLLATE utf8mb4_unicode_ci NOT NULL,
  `hargaJual` int(11) NOT NULL,
  `created_at` timestamp NULL DEFAULT NULL,
  `updated_at` timestamp NULL DEFAULT NULL
) ENGINE=InnoDB DEFAULT CHARSET=utf8mb4 COLLATE=utf8mb4_unicode_ci;

--
-- Dumping data untuk tabel `goods_prices`
--

INSERT INTO `goods_prices` (`id`, `goods_id`, `jenisOutlet`, `hargaJual`, `created_at`, `updated_at`) VALUES
(1, 1, 'ramen', 23500, '2020-11-12 01:00:02', '2020-11-12 01:00:02'),
(2, 1, 'nasiGoreng', 24800, '2020-11-12 01:00:14', '2020-11-12 01:00:14'),
(3, 1, 'martabak', 23500, '2020-11-12 01:00:38', '2020-11-12 01:00:38'),
(4, 2, 'martabak', 160000, '2020-11-12 01:03:49', '2020-11-12 01:03:49'),
(5, 4, 'ramen', 25000, '2020-11-12 01:04:41', '2020-11-12 01:04:41'),
(6, 3, 'ramen', 270000, '2020-11-12 02:08:47', '2020-11-12 02:08:47'),
(7, 3, 'nasiGoreng', 280000, '2020-11-12 02:09:09', '2020-11-12 02:09:09'),
(8, 6, 'kopi', 2000, '2020-11-14 22:37:22', '2020-11-14 22:37:22'),
(9, 8, 'ramen', 24000, '2020-12-09 05:43:05', '2020-12-09 05:43:05'),
(10, 9, 'ramen', 25000, '2020-12-09 05:44:46', '2020-12-09 05:44:46'),
(11, 10, 'ramen', 285000, '2020-12-09 05:46:30', '2020-12-09 05:46:30'),
(12, 11, 'ramen', 23000, '2020-12-09 05:48:15', '2020-12-09 05:48:15'),
(13, 12, 'ramen', 93000, '2020-12-09 05:49:49', '2020-12-09 05:49:49'),
(14, 13, 'ramen', 172000, '2020-12-09 05:51:08', '2020-12-09 05:51:08'),
(15, 14, 'ramen', 179000, '2020-12-09 05:52:45', '2020-12-09 05:52:45'),
(16, 15, 'ramen', 34500, '2020-12-09 05:54:09', '2020-12-09 05:54:09'),
(17, 16, 'ramen', 9500, '2020-12-09 05:55:45', '2020-12-09 05:55:45'),
(18, 17, 'ramen', 14500, '2020-12-09 05:57:47', '2020-12-09 05:57:47'),
(19, 18, 'ramen', 49000, '2020-12-09 05:59:32', '2020-12-09 05:59:32'),
(20, 19, 'ramen', 16000, '2020-12-09 06:00:46', '2020-12-09 06:00:46'),
(21, 20, 'ramen', 24500, '2020-12-09 06:02:13', '2020-12-09 06:02:13'),
(22, 21, 'ramen', 12000, '2020-12-09 06:03:52', '2020-12-09 06:03:52'),
(23, 22, 'ramen', 12000, '2020-12-09 06:05:21', '2020-12-09 06:05:21'),
(24, 23, 'ramen', 12500, '2020-12-09 06:07:09', '2020-12-09 20:39:33'),
(25, 24, 'ramen', 12500, '2020-12-09 06:08:20', '2020-12-09 06:08:20'),
(26, 25, 'ramen', 61500, '2020-12-09 06:09:46', '2020-12-09 06:09:46'),
(27, 26, 'ramen', 61500, '2020-12-09 06:11:15', '2020-12-09 06:11:15'),
(28, 27, 'ramen', 56000, '2020-12-09 06:12:45', '2020-12-09 06:12:45'),
(29, 28, 'ramen', 27000, '2020-12-09 06:14:25', '2020-12-09 06:14:25'),
(30, 29, 'ramen', 52000, '2020-12-09 06:15:50', '2020-12-09 06:15:50'),
(31, 30, 'ramen', 25500, '2020-12-09 06:17:50', '2020-12-09 06:17:50'),
(32, 31, 'ramen', 14000, '2020-12-09 06:20:00', '2020-12-09 06:20:00'),
(33, 32, 'ramen', 26000, '2020-12-09 06:22:02', '2020-12-09 06:22:02'),
(34, 33, 'ramen', 52000, '2020-12-09 06:23:56', '2020-12-09 06:23:56'),
(35, 34, 'ramen', 19000, '2020-12-09 06:25:38', '2020-12-09 06:25:38'),
(36, 35, 'ramen', 25000, '2020-12-09 06:26:36', '2020-12-09 06:26:36');

-- --------------------------------------------------------

--
-- Struktur dari tabel `goods_stocks`
--

CREATE TABLE `goods_stocks` (
  `id` bigint(20) UNSIGNED NOT NULL,
  `goods_id` bigint(20) NOT NULL,
  `namaPengirim` varchar(255) COLLATE utf8mb4_unicode_ci NOT NULL,
  `namaPenerima` varchar(255) COLLATE utf8mb4_unicode_ci NOT NULL,
  `stokMasuk` int(11) NOT NULL,
  `keterangan` varchar(255) COLLATE utf8mb4_unicode_ci DEFAULT NULL,
  `users_id` bigint(20) NOT NULL,
  `created_at` timestamp NULL DEFAULT NULL,
  `updated_at` timestamp NULL DEFAULT NULL
) ENGINE=InnoDB DEFAULT CHARSET=utf8mb4 COLLATE=utf8mb4_unicode_ci;

--
-- Dumping data untuk tabel `goods_stocks`
--

INSERT INTO `goods_stocks` (`id`, `goods_id`, `namaPengirim`, `namaPenerima`, `stokMasuk`, `keterangan`, `users_id`, `created_at`, `updated_at`) VALUES
(1, 5, 'pabrik telor', 'sodik', 100, 'tambahin ok', 1, '2020-11-12 02:11:08', '2020-11-12 02:11:08'),
(2, 34, 'diaz', 'panji', 200, 'nambahin stok', 1, '2020-12-09 20:58:42', '2020-12-09 20:58:42');

-- --------------------------------------------------------

--
-- Struktur dari tabel `good_price_histories`
--

CREATE TABLE `good_price_histories` (
  `id` bigint(20) UNSIGNED NOT NULL,
  `goods_id` bigint(20) NOT NULL,
  `hargaModal` int(11) NOT NULL,
  `created_at` timestamp NULL DEFAULT NULL,
  `updated_at` timestamp NULL DEFAULT NULL
) ENGINE=InnoDB DEFAULT CHARSET=utf8mb4 COLLATE=utf8mb4_unicode_ci;

--
-- Dumping data untuk tabel `good_price_histories`
--

INSERT INTO `good_price_histories` (`id`, `goods_id`, `hargaModal`, `created_at`, `updated_at`) VALUES
(1, 36, 100000, '2020-12-24 20:12:00', '2020-12-24 20:12:00'),
(3, 36, 100001, '2020-12-24 20:16:41', '2020-12-24 20:16:41');

-- --------------------------------------------------------

--
-- Struktur dari tabel `gross_expenses`
--

CREATE TABLE `gross_expenses` (
  `id` bigint(20) UNSIGNED NOT NULL,
  `namaPengeluaran` varchar(255) COLLATE utf8mb4_unicode_ci NOT NULL,
  `biayaPengeluaran` varchar(255) COLLATE utf8mb4_unicode_ci NOT NULL,
  `tanggalPengeluaran` date NOT NULL,
  `keterangan` varchar(255) COLLATE utf8mb4_unicode_ci DEFAULT NULL,
  `created_at` timestamp NULL DEFAULT NULL,
  `updated_at` timestamp NULL DEFAULT NULL
) ENGINE=InnoDB DEFAULT CHARSET=utf8mb4 COLLATE=utf8mb4_unicode_ci;

--
-- Dumping data untuk tabel `gross_expenses`
--

INSERT INTO `gross_expenses` (`id`, `namaPengeluaran`, `biayaPengeluaran`, `tanggalPengeluaran`, `keterangan`, `created_at`, `updated_at`) VALUES
(7, 'ijiji', '20000', '2020-12-27', 'okok', '2020-12-28 03:45:05', '2020-12-28 03:45:05');

-- --------------------------------------------------------

--
-- Struktur dari tabel `migrations`
--

CREATE TABLE `migrations` (
  `id` int(10) UNSIGNED NOT NULL,
  `migration` varchar(255) COLLATE utf8mb4_unicode_ci NOT NULL,
  `batch` int(11) NOT NULL
) ENGINE=InnoDB DEFAULT CHARSET=utf8mb4 COLLATE=utf8mb4_unicode_ci;

--
-- Dumping data untuk tabel `migrations`
--

INSERT INTO `migrations` (`id`, `migration`, `batch`) VALUES
(1, '2014_10_12_000000_create_users_table', 1),
(2, '2014_10_12_100000_create_password_resets_table', 1),
(3, '2014_10_12_200000_add_two_factor_columns_to_users_table', 1),
(4, '2019_08_19_000000_create_failed_jobs_table', 1),
(5, '2019_12_14_000001_create_personal_access_tokens_table', 1),
(6, '2020_09_26_202453_create_sessions_table', 1),
(7, '2020_11_04_225439_create_outlets_table', 2),
(8, '2020_11_05_234757_create_goods_table', 3),
(9, '2020_11_07_024954_create_goods_prices_table', 4),
(10, '2020_11_07_224934_create_goods_stocks_table', 5),
(11, '2020_11_07_230259_create_goods_first_stocks_table', 5),
(12, '2020_11_14_150419_create_faktur_barangs_table', 6),
(13, '2020_12_24_113356_create_gross_expenses_table', 7),
(14, '2020_12_24_113941_create_good_price_histories_table', 7);

-- --------------------------------------------------------

--
-- Struktur dari tabel `outlets`
--

CREATE TABLE `outlets` (
  `id` bigint(20) UNSIGNED NOT NULL,
  `slug` varchar(255) COLLATE utf8mb4_unicode_ci NOT NULL,
  `kodeOutlet` varchar(200) COLLATE utf8mb4_unicode_ci NOT NULL,
  `namaOutlet` varchar(255) COLLATE utf8mb4_unicode_ci NOT NULL,
  `alamat` varchar(255) COLLATE utf8mb4_unicode_ci NOT NULL,
  `telepon` bigint(20) NOT NULL,
  `status` varchar(255) COLLATE utf8mb4_unicode_ci DEFAULT 'aktif',
  `jenisOutlet` varchar(255) COLLATE utf8mb4_unicode_ci NOT NULL,
  `created_at` timestamp NULL DEFAULT NULL,
  `updated_at` timestamp NULL DEFAULT NULL
) ENGINE=InnoDB DEFAULT CHARSET=utf8mb4 COLLATE=utf8mb4_unicode_ci;

--
-- Dumping data untuk tabel `outlets`
--

INSERT INTO `outlets` (`id`, `slug`, `kodeOutlet`, `namaOutlet`, `alamat`, `telepon`, `status`, `jenisOutlet`, `created_at`, `updated_at`) VALUES
(1, 'sensei-ramen-ciwastra-R0gW9', 'MM-1111', 'Sensei Ramen ciwastra', 'Jl.Margacinta No.120\n', 87546211113, 'aktif', 'ramen', '2020-11-12 00:40:17', '2020-11-29 19:52:05'),
(2, 'sensei-ramen-ujung-berung-ulerZ', 'MM-1112', 'Sensei Ramen ujung berung', 'Jl.Rumah sakit No.57\n', 8921231312, 'aktif', 'ramen', '2020-11-12 00:40:38', '2020-11-12 00:40:38'),
(3, 'sensei-ramen-gunung-batu-vrybc', 'MM-1113', 'Sensei Ramen gunung batu', 'Jl. Gunung batu No.14\n', 8646322333, 'aktif', 'ramen', '2020-11-12 00:41:01', '2020-11-12 00:41:01'),
(4, 'sensei-ramen-moch-toha-D2aw9', 'MM-1114', 'Sensei Ramen Moch toha', 'Jl.Moch toha No.105\n', 891231312, 'aktif', 'ramen', '2020-11-12 00:41:25', '2020-11-12 00:41:25'),
(5, 'shinju-ramen-kopo-vEcVu', 'MM-1115', 'Shinju Ramen Kopo', 'Jl.Sukamenak No.55 B\n', 908901, 'aktif', 'ramen', '2020-11-12 00:42:03', '2020-11-12 00:42:03'),
(6, 'shinju-ramen-bojongsoang-ji3H0', 'MM-1116', 'Shinju Ramen bojongsoang', 'Jl.Bojongsoang No.245\n', 8091311, 'aktif', 'ramen', '2020-11-12 00:42:41', '2020-11-12 00:42:41'),
(7, 'shinju-ramen-cimareme-K7liH', 'MM-1117', 'Shinju Ramen Cimareme', 'Jl. Raya Cimareme\n', 7131239129, 'aktif', 'ramen', '2020-11-12 00:43:01', '2020-11-12 00:43:01'),
(8, 'shinju-ramen-padalarang-eANhw', 'MM-1118', 'Shinju Ramen Padalarang', 'Jl.Raya padalarang kertamulya\n', 81912313, 'aktif', 'ramen', '2020-11-12 00:43:22', '2020-11-12 00:43:22'),
(9, 'shinju-ramen-cicalengka-ecAmN', 'MM-1119', 'Shinju ramen cicalengka', 'Jl.Raya barat cicalengka No.167\n', 9801389018, 'aktif', 'ramen', '2020-11-12 00:43:43', '2020-11-12 00:43:43'),
(10, 'shinju-ramen-tki-vJrW8', 'MM-11110', 'Shinju Ramen Tki', 'Jl. Taman Kopo Indah 2 No.64\n', 809123131, 'aktif', 'ramen', '2020-11-12 00:44:08', '2020-11-12 00:44:08'),
(11, 'shifu-ramen-cimahi-51RM8', 'MM-11111', 'Shifu Ramen cimahi', 'Jl.Encepkartawiria NO.214\n', 90213131, 'aktif', 'ramen', '2020-11-12 00:44:30', '2020-11-12 00:44:30'),
(12, 'shifu-ramen-antapani-Xr8Go', 'MM-11112', 'Shifu Ramen antapani', 'Jl.Purwakarta NO.33\n', 12321317, 'aktif', 'ramen', '2020-11-12 00:44:49', '2020-11-12 00:44:49'),
(13, 'shifu-ramen-suci-lU3X3', 'MM-11113', 'Shifu Ramen suci', 'Jl.P.H.H Mustofa No.96\n', 1913131, 'aktif', 'ramen', '2020-11-12 00:45:20', '2020-11-12 00:45:20'),
(14, 'shifu-ramen-gatsu-zGxxE', 'MM-11114', 'Shifu Ramen gatsu', 'Jl.Gatot subroto No.216\n', 91231318, 'aktif', 'ramen', '2020-11-12 00:45:39', '2020-11-12 00:45:39'),
(15, 'shifu-ramen-cibiru-76w3H', 'MM-11115', 'Shifu Ramen cibiru', 'Jl.A.H Nasution N0.252\n', 9128309819, 'aktif', 'ramen', '2020-11-12 00:45:58', '2020-11-12 00:45:58'),
(16, 'shifu-ramen-katamso-FO3nW', 'MM-11116', 'Shifu Ramen Katamso', 'Jl.Brigjen katamso No.43\n', 131883910, 'aktif', 'ramen', '2020-11-12 00:46:33', '2020-11-12 00:46:33'),
(17, 'mie-jebred-ahmad-yani-cbtJy', 'MM-11117', 'Mie Jebred Ahmad yani', 'Jl.Jendral Ahmad yani No.700\n', 183213771, 'aktif', 'ramen', '2020-11-12 00:46:57', '2020-11-12 00:46:57'),
(18, 'mie-jebred-lembang-JU7sz', 'MM-11118', 'Mie Jebred Lembang', 'JL.cijeruk No.1\n', 891231311, 'aktif', 'ramen', '2020-11-12 00:47:17', '2020-11-12 00:47:17'),
(19, 'shoji-ramen-cijerah-tyXxw', 'MM-11119', 'Shoji Ramen cijerah', 'Jl. Melong,Kec.Cimahi Selatan\n', 123712838, 'aktif', 'ramen', '2020-11-12 00:47:40', '2020-11-12 00:47:40'),
(20, 'giant-ramen-bogor-zLiyx', 'MM-11120', 'Giant Ramen Bogor', 'JL.Raya ciawi – cianjur No.372\n', 8138913891, 'aktif', 'ramen', '2020-11-12 00:48:04', '2020-11-12 00:48:04'),
(21, 'ramen-bajuri-lengkong-n9haw', 'MM-11121', 'Ramen Bajuri Lengkong', 'Jl.Sasak gantung No.90\n', 9803101809, 'aktif', 'ramen', '2020-11-12 00:48:29', '2020-11-12 00:48:29'),
(22, 'ramen-bajuri-andir-8Wq0v', 'MM-11121', 'Ramen Bajuri Andir', 'Jl.Kebonjati N0.254b\n', 791893810, 'aktif', 'ramen', '2020-11-12 00:48:55', '2020-11-12 00:48:55'),
(23, 'ramen-bajuri-burangrang-Ib10Z', 'MM-11123', 'Ramen Bajuri Burangrang', 'Jl.Emong No.58\n', 801928103, 'aktif', 'ramen', '2020-11-12 00:49:13', '2020-11-12 00:49:13'),
(24, 'ramen-bajuri-soreang-wpHNX', 'MM-11124', 'Ramen Bajuri Soreang', 'Jl.Sukaramai\n', 918023810, 'aktif', 'ramen', '2020-11-12 00:49:50', '2020-11-12 00:49:50'),
(25, 'ramen-bajuri-derwati-p7Jgi', 'MM-11125', 'Ramen Bajuri Derwati', 'Jl.Derwati No.46\n', 912839018, 'aktif', 'ramen', '2020-11-12 00:50:14', '2020-11-12 00:50:14'),
(26, 'ramen-bajuri-rencong-ePMLE', 'MM-11126', 'Ramen Bajuri rencong', 'Jl.Raya banjaran N0.226\n', 801923091, 'aktif', 'ramen', '2020-11-12 00:50:54', '2020-11-12 00:50:54'),
(27, 'ramen-bajuri-jatinangor-QUQ1y', 'MM-11127', 'Ramen Bajuri Jatinangor', 'Jl.Raya Cirebon No.243\n', 981092831098, 'aktif', 'ramen', '2020-11-12 00:51:12', '2020-11-12 00:51:12'),
(28, 'ramen-bajuri-lembang-ASu41', 'MM-11128', 'Ramen Bajuri Lembang', 'Jl.Mama adiwarta lembang\n', 9089081, 'aktif', 'ramen', '2020-11-12 00:51:28', '2020-11-12 00:51:28'),
(29, 'ramen-bajuri-buah-batu-ZXLmp', 'MM-11129', 'Ramen Bajuri Buah Batu', 'Jl.Buah batu No.184\n', 9128013808, 'aktif', 'ramen', '2020-11-12 00:51:43', '2020-11-12 00:51:43'),
(30, 'kedai-mamah-legend-gerlong-ggtTV', 'MM-11130', 'Kedai Mamah Legend gerlong', 'Jl.Gegerkalong girang No.83\n', 9812788098, 'aktif', 'ramen', '2020-11-12 00:51:59', '2020-11-12 00:51:59'),
(31, 'enkopp-fika-lembang-Jd13Y', 'MM-11131', 'Enkopp Fika Lembang', 'Jl.Grand hotel No.36\n', 918039810983, 'aktif', 'ramen', '2020-11-12 00:52:41', '2020-11-12 00:52:41'),
(32, 'kopipanji-SyTVF', 'MM-001223', 'kopipanji', 'ksjfklsj', 90809890, 'aktif', 'kopi', '2020-11-14 22:36:18', '2020-11-14 22:36:18'),
(33, 'okok-VkAI2', '', 'okok', 'ojj', 1293, 'nonaktif', 'ramen', '2020-11-29 18:52:46', '2020-11-29 18:52:59'),
(34, 'dakjfklj-Vaf7a', '', 'dakjfklj', 'dklfsj', 3290, 'aktif', 'ramen', '2020-11-29 19:56:56', '2020-11-29 19:56:56');

-- --------------------------------------------------------

--
-- Struktur dari tabel `password_resets`
--

CREATE TABLE `password_resets` (
  `email` varchar(255) COLLATE utf8mb4_unicode_ci NOT NULL,
  `token` varchar(255) COLLATE utf8mb4_unicode_ci NOT NULL,
  `created_at` timestamp NULL DEFAULT NULL
) ENGINE=InnoDB DEFAULT CHARSET=utf8mb4 COLLATE=utf8mb4_unicode_ci;

-- --------------------------------------------------------

--
-- Struktur dari tabel `personal_access_tokens`
--

CREATE TABLE `personal_access_tokens` (
  `id` bigint(20) UNSIGNED NOT NULL,
  `tokenable_type` varchar(255) COLLATE utf8mb4_unicode_ci NOT NULL,
  `tokenable_id` bigint(20) UNSIGNED NOT NULL,
  `name` varchar(255) COLLATE utf8mb4_unicode_ci NOT NULL,
  `token` varchar(64) COLLATE utf8mb4_unicode_ci NOT NULL,
  `abilities` text COLLATE utf8mb4_unicode_ci DEFAULT NULL,
  `last_used_at` timestamp NULL DEFAULT NULL,
  `created_at` timestamp NULL DEFAULT NULL,
  `updated_at` timestamp NULL DEFAULT NULL
) ENGINE=InnoDB DEFAULT CHARSET=utf8mb4 COLLATE=utf8mb4_unicode_ci;

-- --------------------------------------------------------

--
-- Struktur dari tabel `sessions`
--

CREATE TABLE `sessions` (
  `id` varchar(255) COLLATE utf8mb4_unicode_ci NOT NULL,
  `user_id` bigint(20) UNSIGNED DEFAULT NULL,
  `ip_address` varchar(45) COLLATE utf8mb4_unicode_ci DEFAULT NULL,
  `user_agent` text COLLATE utf8mb4_unicode_ci DEFAULT NULL,
  `payload` text COLLATE utf8mb4_unicode_ci NOT NULL,
  `last_activity` int(11) NOT NULL
) ENGINE=InnoDB DEFAULT CHARSET=utf8mb4 COLLATE=utf8mb4_unicode_ci;

--
-- Dumping data untuk tabel `sessions`
--

INSERT INTO `sessions` (`id`, `user_id`, `ip_address`, `user_agent`, `payload`, `last_activity`) VALUES
('frzBe5eqPnuAgFYrzXSW7PNL1ry6SN4ImIBi9Km6', 1, '127.0.0.1', 'Mozilla/5.0 (Windows NT 10.0; Win64; x64) AppleWebKit/537.36 (KHTML, like Gecko) Chrome/87.0.4280.88 Safari/537.36', 'YTo3OntzOjY6Il90b2tlbiI7czo0MDoiSWdwYTJ5RWxmZkxodEFyM2hKRUtjN3dpY050NTlTNDhxREVtdFhNYyI7czozOiJ1cmwiO2E6MDp7fXM6OToiX3ByZXZpb3VzIjthOjE6e3M6MzoidXJsIjtzOjI3OiJodHRwOi8vMTI3LjAuMC4xOjgwMDAvZmFrdHUiO31zOjY6Il9mbGFzaCI7YToyOntzOjM6Im9sZCI7YTowOnt9czozOiJuZXciO2E6MDp7fX1zOjUwOiJsb2dpbl93ZWJfNTliYTM2YWRkYzJiMmY5NDAxNTgwZjAxNGM3ZjU4ZWE0ZTMwOTg5ZCI7aToxO3M6MTc6InBhc3N3b3JkX2hhc2hfd2ViIjtzOjYwOiIkMnkkMTAkQUVWMEs1NkpER1NDOFRkcTBGLm9SLlBkbG9kZzJVLlVRMUx5c0I2QUVBQTNXUlNuZVlCVmEiO3M6MjE6InBhc3N3b3JkX2hhc2hfc2FuY3R1bSI7czo2MDoiJDJ5JDEwJEFFVjBLNTZKREdTQzhUZHEwRi5vUi5QZGxvZGcyVS5VUTFMeXNCNkFFQUEzV1JTbmVZQlZhIjt9', 1609136221);

-- --------------------------------------------------------

--
-- Struktur dari tabel `tests`
--

CREATE TABLE `tests` (
  `id` int(11) NOT NULL,
  `jumlahMaterial` int(11) DEFAULT NULL,
  `satuanHarga` int(11) DEFAULT NULL,
  `jumlahHarga` int(11) DEFAULT NULL,
  `satuan` varchar(244) DEFAULT NULL,
  `updated_at` timestamp NULL DEFAULT NULL,
  `created_at` timestamp NULL DEFAULT NULL
) ENGINE=InnoDB DEFAULT CHARSET=utf8mb4;

--
-- Dumping data untuk tabel `tests`
--

INSERT INTO `tests` (`id`, `jumlahMaterial`, `satuanHarga`, `jumlahHarga`, `satuan`, `updated_at`, `created_at`) VALUES
(1, 9, 9, 81, 'oko', '2020-11-25 22:25:09', '2020-11-25 22:25:09'),
(2, 8, 8, 64, 'ofdsok', '2020-11-25 22:25:09', '2020-11-25 22:25:09'),
(3, 9, 7, 63, 'kdsj', '2020-11-25 22:25:09', '2020-11-25 22:25:09');

-- --------------------------------------------------------

--
-- Struktur dari tabel `users`
--

CREATE TABLE `users` (
  `id` bigint(20) UNSIGNED NOT NULL,
  `name` varchar(255) COLLATE utf8mb4_unicode_ci NOT NULL,
  `email` varchar(255) COLLATE utf8mb4_unicode_ci NOT NULL,
  `email_verified_at` timestamp NULL DEFAULT NULL,
  `password` varchar(255) COLLATE utf8mb4_unicode_ci NOT NULL,
  `two_factor_secret` text COLLATE utf8mb4_unicode_ci DEFAULT NULL,
  `two_factor_recovery_codes` text COLLATE utf8mb4_unicode_ci DEFAULT NULL,
  `remember_token` varchar(100) COLLATE utf8mb4_unicode_ci DEFAULT NULL,
  `current_team_id` bigint(20) UNSIGNED DEFAULT NULL,
  `profile_photo_path` text COLLATE utf8mb4_unicode_ci DEFAULT NULL,
  `created_at` timestamp NULL DEFAULT NULL,
  `updated_at` timestamp NULL DEFAULT NULL
) ENGINE=InnoDB DEFAULT CHARSET=utf8mb4 COLLATE=utf8mb4_unicode_ci;

--
-- Dumping data untuk tabel `users`
--

INSERT INTO `users` (`id`, `name`, `email`, `email_verified_at`, `password`, `two_factor_secret`, `two_factor_recovery_codes`, `remember_token`, `current_team_id`, `profile_photo_path`, `created_at`, `updated_at`) VALUES
(1, 'Diaz', 'admin@mail.com', NULL, '$2y$10$AEV0K56JDGSC8Tdq0F.oR.Pdlodg2U.UQ1LysB6AEAA3WRSneYBVa', NULL, NULL, 'd7mMPWVb1kr4peEuJGZgO3KEnkYaiNSTNy1MQRHxKvjVr5mueAogHxKnRkAK', NULL, NULL, '2020-11-03 15:30:01', '2020-11-03 15:30:01');

--
-- Indexes for dumped tables
--

--
-- Indeks untuk tabel `failed_jobs`
--
ALTER TABLE `failed_jobs`
  ADD PRIMARY KEY (`id`),
  ADD UNIQUE KEY `failed_jobs_uuid_unique` (`uuid`);

--
-- Indeks untuk tabel `fakturs`
--
ALTER TABLE `fakturs`
  ADD PRIMARY KEY (`id`);

--
-- Indeks untuk tabel `faktur_barangs`
--
ALTER TABLE `faktur_barangs`
  ADD PRIMARY KEY (`id`);

--
-- Indeks untuk tabel `goods`
--
ALTER TABLE `goods`
  ADD PRIMARY KEY (`id`);

--
-- Indeks untuk tabel `goods_first_stocks`
--
ALTER TABLE `goods_first_stocks`
  ADD PRIMARY KEY (`id`);

--
-- Indeks untuk tabel `goods_prices`
--
ALTER TABLE `goods_prices`
  ADD PRIMARY KEY (`id`);

--
-- Indeks untuk tabel `goods_stocks`
--
ALTER TABLE `goods_stocks`
  ADD PRIMARY KEY (`id`);

--
-- Indeks untuk tabel `good_price_histories`
--
ALTER TABLE `good_price_histories`
  ADD PRIMARY KEY (`id`);

--
-- Indeks untuk tabel `gross_expenses`
--
ALTER TABLE `gross_expenses`
  ADD PRIMARY KEY (`id`);

--
-- Indeks untuk tabel `migrations`
--
ALTER TABLE `migrations`
  ADD PRIMARY KEY (`id`);

--
-- Indeks untuk tabel `outlets`
--
ALTER TABLE `outlets`
  ADD PRIMARY KEY (`id`);

--
-- Indeks untuk tabel `password_resets`
--
ALTER TABLE `password_resets`
  ADD KEY `password_resets_email_index` (`email`);

--
-- Indeks untuk tabel `personal_access_tokens`
--
ALTER TABLE `personal_access_tokens`
  ADD PRIMARY KEY (`id`),
  ADD UNIQUE KEY `personal_access_tokens_token_unique` (`token`),
  ADD KEY `personal_access_tokens_tokenable_type_tokenable_id_index` (`tokenable_type`,`tokenable_id`);

--
-- Indeks untuk tabel `sessions`
--
ALTER TABLE `sessions`
  ADD PRIMARY KEY (`id`),
  ADD KEY `sessions_user_id_index` (`user_id`),
  ADD KEY `sessions_last_activity_index` (`last_activity`);

--
-- Indeks untuk tabel `tests`
--
ALTER TABLE `tests`
  ADD PRIMARY KEY (`id`);

--
-- Indeks untuk tabel `users`
--
ALTER TABLE `users`
  ADD PRIMARY KEY (`id`),
  ADD UNIQUE KEY `users_email_unique` (`email`);

--
-- AUTO_INCREMENT untuk tabel yang dibuang
--

--
-- AUTO_INCREMENT untuk tabel `failed_jobs`
--
ALTER TABLE `failed_jobs`
  MODIFY `id` bigint(20) UNSIGNED NOT NULL AUTO_INCREMENT;

--
-- AUTO_INCREMENT untuk tabel `faktur_barangs`
--
ALTER TABLE `faktur_barangs`
  MODIFY `id` bigint(20) UNSIGNED NOT NULL AUTO_INCREMENT, AUTO_INCREMENT=473;

--
-- AUTO_INCREMENT untuk tabel `goods`
--
ALTER TABLE `goods`
  MODIFY `id` bigint(20) UNSIGNED NOT NULL AUTO_INCREMENT, AUTO_INCREMENT=37;

--
-- AUTO_INCREMENT untuk tabel `goods_first_stocks`
--
ALTER TABLE `goods_first_stocks`
  MODIFY `id` bigint(20) UNSIGNED NOT NULL AUTO_INCREMENT, AUTO_INCREMENT=32;

--
-- AUTO_INCREMENT untuk tabel `goods_prices`
--
ALTER TABLE `goods_prices`
  MODIFY `id` bigint(20) UNSIGNED NOT NULL AUTO_INCREMENT, AUTO_INCREMENT=37;

--
-- AUTO_INCREMENT untuk tabel `goods_stocks`
--
ALTER TABLE `goods_stocks`
  MODIFY `id` bigint(20) UNSIGNED NOT NULL AUTO_INCREMENT, AUTO_INCREMENT=3;

--
-- AUTO_INCREMENT untuk tabel `good_price_histories`
--
ALTER TABLE `good_price_histories`
  MODIFY `id` bigint(20) UNSIGNED NOT NULL AUTO_INCREMENT, AUTO_INCREMENT=4;

--
-- AUTO_INCREMENT untuk tabel `gross_expenses`
--
ALTER TABLE `gross_expenses`
  MODIFY `id` bigint(20) UNSIGNED NOT NULL AUTO_INCREMENT, AUTO_INCREMENT=8;

--
-- AUTO_INCREMENT untuk tabel `migrations`
--
ALTER TABLE `migrations`
  MODIFY `id` int(10) UNSIGNED NOT NULL AUTO_INCREMENT, AUTO_INCREMENT=15;

--
-- AUTO_INCREMENT untuk tabel `outlets`
--
ALTER TABLE `outlets`
  MODIFY `id` bigint(20) UNSIGNED NOT NULL AUTO_INCREMENT, AUTO_INCREMENT=35;

--
-- AUTO_INCREMENT untuk tabel `personal_access_tokens`
--
ALTER TABLE `personal_access_tokens`
  MODIFY `id` bigint(20) UNSIGNED NOT NULL AUTO_INCREMENT;

--
-- AUTO_INCREMENT untuk tabel `tests`
--
ALTER TABLE `tests`
  MODIFY `id` int(11) NOT NULL AUTO_INCREMENT, AUTO_INCREMENT=4;

--
-- AUTO_INCREMENT untuk tabel `users`
--
ALTER TABLE `users`
  MODIFY `id` bigint(20) UNSIGNED NOT NULL AUTO_INCREMENT, AUTO_INCREMENT=2;
COMMIT;

/*!40101 SET CHARACTER_SET_CLIENT=@OLD_CHARACTER_SET_CLIENT */;
/*!40101 SET CHARACTER_SET_RESULTS=@OLD_CHARACTER_SET_RESULTS */;
/*!40101 SET COLLATION_CONNECTION=@OLD_COLLATION_CONNECTION */;
